run,decision-noise,observation-error-rate,initial-israel-friction,initial-israel-security-perception,initial-iran-assets,initial-iran-regime-stability,initial-mine-count,mine-batch-size,max-ticks,tau-d-rate,diplomacy-bridge-prob,tau-c-rate,tau-k-rate,selective-targeting-recognition,initial-insurer-memory,initial-operator-memory,initial-market-memory,initial-israel-incomplete-victory-aversion,[step],military-layer,economic-war-layer,access-layer,diplomacy-layer,ever-backchannel,ever-ceasefire-talks,ever-fragile-arrangement,diplomacy-bridge-count,first-backchannel-tick-report,no-talks-share,backchannel-share,ceasefire-talks-share,fragile-arrangement-share,diplomatic-activation-share,max-diplomatic-momentum-report,strategic-regime,throughput,insurance,operator-caution,permission-factor,brent-crude-price,crisis-state,outcome-ground-war,outcome-accidental-war,outcome-escalation-cascade,outcome-severe-escalation,awrp-current,risk-premium,market-memory,disruption-belief,risk-premium-gross-signal,risk-premium-reassurance-signal,risk-premium-target,risk-premium-gap,market-shock-build-up-rate,market-recovery-rate-current,outcome-managed-stalemate,ever-managed-stalemate,ms-condition-this-tick,ms-share,ms-duration,first-managed-stalemate-tick,military-pause-window-flag,military-deescalation-window-flag,major-action-this-tick-flag,low-intensity-military-flag,commercial-non-normalization-score,ticks-since-major-strike-flag,risk-premium-decay-share,risk-premium-post-deescalation-decay-share,risk-premium-normalized-recovery,price-recovery-20pct-fired,price-recovery-lag-20pct-deescalation,price-recovery-fired,price-recovery-strict-fired,tick-military-deescalation-window-start,tick-awrp-recovery-frac,tick-price-recovery-frac,tick-price-recovery-frac-strict,tick-price-recovery-20pct,awrp-recovery-lag-frac-deescalation,price-recovery-lag-frac-deescalation,price-recovery-lag-frac-strict,tau-c-over-tau-m,tau-k-over-tau-m,tau-d-over-tau-m,insurance-floor-hit,operator-caution-ceiling-hit,awrp-ceiling-hit,risk-premium-high-hit
1,0.08,0.05,0.45,0.4,40,0.33,8,6,150,1,0.06,0.4,1,0,0.6,0.6,0.6,0.72,150,Active_Military_War,Prolonged_Economic_War,Selective_Passage,No_Talks,0,0,0,0,-1,1,0,0,0,0,0.12000000000000005,Active_Military_War | Prolonged_Economic_War | Selective_Passage | No_Talks,0.30574065863447025,1,0.40502647451093143,0.97,115.60280965088921,Selective_Passage,0,0,0,0,0.3943786113719284,45.60280965088921,1,0.2286807192610923,47.07889233735225,0.10000000000000002,46.97889233735225,1.8347769152840456,0.25,0.2,0,1,0,0.02666666666666667,4,17,0,0,1,0,1,0,0.4557823129251701,0.47368421052631576,0.2022471961734618,1,3,0,0,16,32,-1,-1,19,16,-1,-1,2.5,1,1,0,0,0,0
2,0.08,0.05,0.45,0.4,40,0.33,8,6,150,1,0.06,0.4,1,0,0.6,0.6,0.6,0.72,150,Military_Pause,Prolonged_Economic_War,Selective_Passage,No_Talks,0,0,0,0,-1,1,0,0,0,0,0.16000000000000006,Military_Pause | Prolonged_Economic_War | Selective_Passage | No_Talks,0.3258216885963601,1,0,0.97,110.79139840838769,Selective_Passage,0,0,0,0,0.3717566666531655,40.7913984083877,0.9149913999281272,0.2020666666507829,42.38138243806165,10.09,32.291382438061646,-10.625019962907565,0.25,0.2,0,1,0,0.013333333333333334,2,8,0,0,0,1,1,1,0.4527027027027027,0.4507042253521127,0.11615656895162456,0,-1,0,0,7,23,-1,-1,-1,16,-1,-1,2.5,1,1,0,0,0,0
3,0.08,0.05,0.45,0.4,40,0.33,8,6,150,1,0.06,0.4,1,0,0.6,0.6,0.6,0.72,18,Ground_War,War_Driven_Oil_Shock,Partial_Closure,No_Talks,0,0,0,0,-1,1,0,0,0,0,0.05,Ground_War | War_Driven_Oil_Shock | Partial_Closure | No_Talks,0.26692737205846123,0.6028761226422078,1,0.97,120.88301623092394,Accidental_War,0,1,0,1,0.5196606094380487,50.88301623092395,1,0.3760713052212338,59.49179363769138,0.20000000000000004,59.29179363769138,11.211703209023234,0.25,0.2,0,0,0,0,0,-1,0,0,1,0,3,0,0.26666666666666666,0,0.02040785970636828,0,-1,0,0,-1,-1,-1,-1,-1,-1,-1,-1,2.5,1,1,0,1,0,1
4,0.08,0.05,0.45,0.4,40,0.33,8,6,150,1,0.06,0.4,1,0,0.6,0.6,0.6,0.72,12,Ground_War,War_Driven_Oil_Shock,Partial_Closure,No_Talks,0,0,0,0,-1,1,0,0,0,0,0.04,Ground_War | War_Driven_Oil_Shock | Partial_Closure | No_Talks,0.27336702583989647,0.5496883211323074,0.8141098894666549,0.97,119.18551035875474,Ground_War,1,0,0,1,0.5628335270812068,49.18551035875474,0.946295572851626,0.42686297303671383,58.87452009129066,0,58.87452009129066,12.918679643381232,0.25,0.2,0,0,0,0,0,-1,0,0,1,0,3,0,0.2,0,0,0,-1,0,0,-1,-1,-1,-1,-1,-1,-1,-1,2.5,1,1,0,0,0,0
5,0.08,0.05,0.45,0.4,40,0.33,8,6,150,1,0.06,0.4,1,0,0.6,0.6,0.6,0.72,150,Military_Pause,Prolonged_Economic_War,Selective_Passage,No_Talks,0,0,0,0,-1,1,0,0,0,0,0.18000000000000005,Military_Pause | Prolonged_Economic_War | Selective_Passage | No_Talks,0.3238908935423599,1,0.07868396926060467,0.97,110.0195824421439,Selective_Passage,0,0,0,0,0.39042324941354245,40.01958244214389,0.9172321047523726,0.22402735225122639,42.490260570150305,10.64,31.850260570150304,-10.211652339991986,0.25,0.2,0,1,0,0.02,3,71,0,0,0,1,1,1,0.46258503401360546,0.4793388429752066,0.2808584791500146,1,16,0,0,28,36,-1,-1,44,8,-1,-1,2.5,1,1,0,0,0,0
6,0.08,0.05,0.45,0.4,40,0.33,8,6,150,1,0.06,0.4,1,0,0.6,0.6,0.6,0.72,150,Active_Military_War,Prolonged_Economic_War,Selective_Passage,No_Talks,0,0,0,0,-1,1,0,0,0,0,0.115,Active_Military_War | Prolonged_Economic_War | Selective_Passage | No_Talks,0.31345801074800217,1,0.041069102622046966,0.97,114.70890409829053,Selective_Passage,0,0,0,0,0.40040255877404707,44.708904098290525,1,0.23576771620476125,49.55476354858391,0.10000000000000002,49.454763548583905,6.3278126003911765,0.25,0.2,0,0,0,0,0,-1,0,0,1,0,1,0,0.46938775510204084,0.4824561403508772,0.022439843699256726,0,-1,0,0,35,29,-1,-1,-1,-6,-1,-1,2.5,1,1,0,0,0,0
7,0.08,0.05,0.45,0.4,40,0.33,8,6,150,1,0.06,0.4,1,0,0.6,0.6,0.6,0.72,150,Active_Military_War,Prolonged_Economic_War,Selective_Passage,No_Talks,1,0,0,2,25,0.92,0.08,0,0,0.08,0.3,Active_Military_War | Prolonged_Economic_War | Selective_Passage | No_Talks,0.28897097644574654,0.9773537162440432,0.6538074659234345,0.9199999999999999,113.93796637783973,Selective_Passage,0,0,0,0,0.3966595358844772,43.93796637783972,1,0.23136415986409084,47.91909669181439,0.4,47.51909669181439,4.774840418632891,0.25,0.2,0,1,0,0.07333333333333333,11,80,0,0,1,0,2,0,0.5337837837837838,0.5564516129032258,0.18395414397011137,1,0,0,0,25,27,-1,-1,25,2,-1,-1,2.5,1,1,0,0,0,0
8,0.08,0.05,0.45,0.4,40,0.33,8,6,150,1,0.06,0.4,1,0,0.6,0.6,0.6,0.72,150,Military_Pause,Prolonged_Economic_War,Selective_Passage,Backchannel_Bargaining,1,0,0,1,87,0.6866666666666666,0.31333333333333335,0,0,0.31333333333333335,0.335,Military_Pause | Prolonged_Economic_War | Selective_Passage | Backchannel_Bargaining,0.361414133092002,1,0,0.98,102.53211663232987,Selective_Passage,0,0,0,0,0.35666841766670554,32.532116632329874,0.6299500763345861,0.18431578549024183,37.308044213794865,11.89,25.418044213794865,-8.892590523168764,0.25,0.2,0,0,0,0,0,-1,0,0,0,1,1,1,0.5,0.5342465753424658,0.32977540583563936,1,0,0,0,76,26,-1,-1,76,-50,-1,-1,2.5,1,1,0,0,0,0
9,0.08,0.05,0.45,0.4,40,0.33,8,6,150,1,0.06,0.4,1,0,0.6,0.6,0.6,0.72,11,Ground_War,War_Driven_Oil_Shock,Partial_Closure,No_Talks,0,0,0,0,-1,1,0,0,0,0,0.04,Ground_War | War_Driven_Oil_Shock | Partial_Closure | No_Talks,0.24280576433295895,0.23721992985930918,1,0.97,122.24647472856532,Ground_War,1,0,0,1,0.592190708986399,52.246474728565325,1,0.4614008341016459,60.658273184674904,1.2000000000000002,59.4582731846749,9.615731274812767,0.25,0.2,0,0,0,0.09090909090909091,1,-1,0,0,0,1,4,3,0.2222222222222222,0.2,0.025471020075730252,0,-1,0,0,0,-1,-1,-1,-1,-1,-1,-1,2.5,1,1,0,1,0,1
10,0.08,0.05,0.45,0.4,40,0.33,8,6,150,1,0.06,0.4,1,0,0.6,0.6,0.6,0.72,150,Military_Pause,Prolonged_Economic_War,Selective_Passage,No_Talks,0,0,0,0,-1,1,0,0,0,0,0.1,Military_Pause | Prolonged_Economic_War | Selective_Passage | No_Talks,0.3451122854829486,1,0,0.98,109.45842473504322,Selective_Passage,0,0,0,0,0.3891953089901711,39.458424735043224,0.7705343801370238,0.22258271645902483,39.75003849004662,10.09,29.66003849004662,-12.247982806245755,0.25,0.2,0,0,0,0.006666666666666667,1,-1,0,0,0,1,1,1,0.49324324324324326,0.5038759689922481,0.21798729314068818,1,24,0,0,20,27,-1,-1,44,7,-1,-1,2.5,1,1,0,0,0,0
11,0.08,0.05,0.45,0.4,40,0.33,8,6,150,1,0.06,0.4,1,0,0.6,0.6,0.6,0.72,150,Limited_Exchange,Prolonged_Economic_War,Selective_Passage,No_Talks,0,0,0,0,-1,1,0,0,0,0,0.065,Limited_Exchange | Prolonged_Economic_War | Selective_Passage | No_Talks,0.31691591657941803,1,0.09324838448612352,0.98,110.44341720863036,Selective_Passage,0,0,0,0,0.37842279720442074,40.443417208630365,0.9770742854225217,0.2099091731816715,46.32525264290372,10.1,36.22525264290372,-5.272705707158309,0.25,0.2,0,0,0,0.006666666666666667,1,-1,0,0,0,1,1,1,0.49324324324324326,0.48936170212765956,0.13222411194186495,1,73,0,0,8,26,-1,-1,81,18,-1,-1,2.5,1,1,0,0,0,0
12,0.08,0.05,0.45,0.4,40,0.33,8,6,150,1,0.06,0.4,1,0,0.6,0.6,0.6,0.72,13,Ground_War,War_Driven_Oil_Shock,Partial_Closure,No_Talks,0,0,0,0,-1,1,0,0,0,0,0,Ground_War | War_Driven_Oil_Shock | Partial_Closure | No_Talks,0.2483915056166994,0.47234088960619314,0.9964213445030162,0.9199999999999999,120.93760823778965,Ground_War,1,0,0,1,0.5544612626166263,50.93760823778965,1,0.4170132501372074,58.25351142646146,0,58.25351142646146,9.754537584895743,0.25,0.2,0,0,0,0,0,-1,0,0,1,0,3,0,0.18181818181818182,0,0,0,-1,0,0,-1,-1,-1,-1,-1,-1,-1,-1,2.5,1,1,0,1,0,1
13,0.08,0.05,0.45,0.4,40,0.33,8,6,150,1,0.06,0.4,1,0,0.6,0.6,0.6,0.72,34,Ground_War,War_Driven_Oil_Shock,Partial_Closure,No_Talks,0,0,0,0,-1,1,0,0,0,0,0.060000000000000005,Ground_War | War_Driven_Oil_Shock | Partial_Closure | No_Talks,0.2751913878815618,0.728149222070728,1,0.97,118.38972028926588,Ground_War,1,0,0,1,0.4271841376152625,48.38972028926588,1,0.26727545601795594,55.59306637655004,0.10000000000000002,55.49306637655004,9.471128116378878,0.25,0.2,0,0,0,0.029411764705882353,1,-1,0,0,1,0,2,0,0.375,0.35714285714285715,0.008561895395091198,0,-1,0,0,19,31,-1,-1,-1,12,-1,-1,2.5,1,1,0,1,0,0
14,0.08,0.05,0.45,0.4,40,0.33,8,6,150,1,0.06,0.4,1,0,0.6,0.6,0.6,0.72,150,Active_Military_War,Prolonged_Economic_War,Selective_Passage,No_Talks,0,0,0,0,-1,1,0,0,0,0,0.17,Active_Military_War | Prolonged_Economic_War | Selective_Passage | No_Talks,0.33681315884395485,1,0,0.98,111.18320531584683,Selective_Passage,0,0,0,0,0.3906783603692274,41.18320531584684,0.8168568160006898,0.2243274827873263,49.10287184696245,1.3000000000000012,47.80287184696245,8.826222041487476,0.25,0.2,0,0,0,0,0,-1,0,0,1,0,1,0,0.49324324324324326,0.5233644859813084,0.06615373841025364,1,52,0,0,42,28,-1,-1,94,-14,-1,-1,2.5,1,1,0,0,0,0
15,0.08,0.05,0.45,0.4,40,0.33,8,6,150,1,0.06,0.4,1,0,0.6,0.6,0.6,0.72,11,Ground_War,War_Driven_Oil_Shock,Partial_Closure,No_Talks,0,0,0,0,-1,1,0,0,0,0,0.04,Ground_War | War_Driven_Oil_Shock | Partial_Closure | No_Talks,0.28372795461686817,0.5376460101002242,0.7448450683759475,0.97,116.9047741306623,Ground_War,1,0,0,1,0.5686629149978373,46.904774130662304,0.8596901379334442,0.4337210764680438,54.6377075558649,0.8,53.8377075558649,9.24391123360347,0.25,0.2,0,0,0,0,0,-1,0,0,0,1,3,2,0.2222222222222222,0,0.008363224226918337,0,-1,0,0,-1,-1,-1,-1,-1,-1,-1,-1,2.5,1,1,0,0,0,0
16,0.08,0.05,0.45,0.4,40,0.33,8,6,150,1,0.06,0.4,1,0,0.6,0.6,0.6,0.72,150,Active_Military_War,Prolonged_Economic_War,Selective_Passage,No_Talks,1,0,0,0,126,0.9933333333333333,0.006666666666666667,0,0,0.006666666666666667,0.20000000000000007,Active_Military_War | Prolonged_Economic_War | Selective_Passage | No_Talks,0.31432884,1,0,0.97,113.50661731169905,Selective_Passage,0,0,0,0,0.38237421431757657,43.50661731169905,1,0.2145578991971489,49.51818872,1.0000000000000013,48.51818872,6.682095211067924,0.25,0.2,0,1,0,0.02666666666666667,4,14,0,0,1,0,1,0,0.47297297297297297,0.4852941176470588,0.23748531162611067,1,5,0,0,13,30,-1,-1,18,17,-1,-1,2.5,1,1,0,0,0,0
17,0.08,0.05,0.45,0.4,40,0.33,8,6,150,1,0.06,0.4,1,0,0.6,0.6,0.6,0.72,150,Active_Military_War,Prolonged_Economic_War,Selective_Passage,No_Talks,0,0,0,0,-1,1,0,0,0,0,0.11000000000000004,Active_Military_War | Prolonged_Economic_War | Selective_Passage | No_Talks,0.30598333196461874,1,0.5429680321371185,0.97,113.56731542607575,Selective_Passage,0,0,0,0,0.3956807154512259,43.56731542607575,0.9716795461871992,0.23021260641320695,49.51752643020728,0.9,48.617526430207285,6.733614672175378,0.25,0.2,0,1,0,0.02666666666666667,4,52,0,0,1,0,1,0,0.4797297297297297,0.48695652173913045,0.19378276278788792,1,0,0,0,34,29,-1,-1,34,-5,-1,-1,2.5,1,1,0,0,0,0
18,0.08,0.05,0.45,0.4,40,0.33,8,6,150,1,0.06,0.4,1,0,0.6,0.6,0.6,0.72,137,Ground_War,War_Driven_Oil_Shock,Partial_Closure,No_Talks,0,0,0,0,-1,1,0,0,0,0,0.11500000000000007,Ground_War | War_Driven_Oil_Shock | Partial_Closure | No_Talks,0.31805728260490335,1,0,0.97,114.16644329731727,Ground_War,1,0,0,1,0.39808880747058284,44.166443297317265,0.9666650936547521,0.23304565584774453,51.74824129191299,0.4000000000000001,51.34824129191299,9.575730659460966,0.25,0.2,0,0,0,0.014598540145985401,2,-1,0,0,1,0,1,0,0.47761194029850745,0.47058823529411764,0.12314201452613242,1,52,0,0,0,28,-1,-1,52,28,-1,-1,2.5,1,1,0,0,0,0
19,0.08,0.05,0.45,0.4,40,0.33,8,6,150,1,0.06,0.4,1,0,0.6,0.6,0.6,0.72,150,Military_Pause,Prolonged_Economic_War,Selective_Passage,No_Talks,0,0,0,0,-1,1,0,0,0,0,0.15000000000000005,Military_Pause | Prolonged_Economic_War | Selective_Passage | No_Talks,0.3210564332207775,1,0,0.97,109.6052497368562,Selective_Passage,0,0,0,0,0.37030933465400306,39.6052497368562,0.957336608498717,0.20036392312235657,43.10660375011144,11.190000000000001,31.916603750111438,-9.610807483430957,0.25,0.2,0,0,0,0.006666666666666667,1,-1,0,0,0,1,1,1,0.47297297297297297,0.48739495798319327,0.2403148179204581,1,0,0,0,30,28,-1,-1,30,-2,-1,-1,2.5,1,1,0,0,0,0
20,0.08,0.05,0.45,0.4,40,0.33,8,6,150,1,0.06,0.4,1,0,0.6,0.6,0.6,0.72,150,Active_Military_War,Prolonged_Economic_War,Selective_Passage,No_Talks,0,0,0,0,-1,1,0,0,0,0,0.09500000000000003,Active_Military_War | Prolonged_Economic_War | Selective_Passage | No_Talks,0.3346146983326943,1,0,0.97,110.15427363663797,Selective_Passage,0,0,0,0,0.38301710721576754,40.15427363663797,0.8186301200495832,0.21531424378325592,46.41719615864167,0.6500000000000004,45.767196158641674,7.483896696004948,0.25,0.2,0,0,0,0,0,-1,0,0,1,0,1,0,0.46621621621621623,0.4883720930232558,0.1812399527684301,1,-4,0,0,106,25,-1,-1,102,-81,-1,-1,2.5,1,1,0,0,0,0
21,0.08,0.05,0.45,0.4,40,0.33,8,6,150,1,0.06,0.4,1,0,0.6,0.6,0.6,0.72,9,Ground_War,War_Driven_Oil_Shock,Partial_Closure,No_Talks,0,0,0,0,-1,1,0,0,0,0,0,Ground_War | War_Driven_Oil_Shock | Partial_Closure | No_Talks,0.2507562549916104,0.37243418003236245,0.9281970127732321,0.9199999999999999,116.1141548917993,Ground_War,1,0,0,1,0.5898925428545672,46.114154891799295,0.9328663323253068,0.4586971092406672,57.921174730991986,0.8,57.12117473099199,14.676026452256927,0.25,0.2,0,0,0,0,0,-1,0,0,0,1,4,3,0.2857142857142857,0,0,0,-1,0,0,-1,-1,-1,-1,-1,-1,-1,-1,2.5,1,1,0,0,0,0
22,0.08,0.05,0.45,0.4,40,0.33,8,6,150,1,0.06,0.4,1,0,0.6,0.6,0.6,0.72,150,Active_Military_War,Prolonged_Economic_War,Selective_Passage,No_Talks,0,0,0,0,-1,1,0,0,0,0,0.08000000000000002,Active_Military_War | Prolonged_Economic_War | Selective_Passage | No_Talks,0.3017387975943372,0.9906265146768124,0.09295851376451494,0.9199999999999999,113.2744672015557,Selective_Passage,0,0,0,0,0.396096517746788,43.274467201555694,1,0.23070178558445648,55.70321141297697,1.2000000000000002,54.50321141297697,14.971658948561696,0.25,0.2,0,0,0,0,0,-1,0,0,1,0,1,0,0.4864864864864865,0.42857142857142855,0.023429572109775556,0,-1,0,0,128,24,-1,-1,-1,-104,-1,-1,2.5,1,1,0,0,0,0
23,0.08,0.05,0.45,0.4,40,0.33,8,6,150,1,0.06,0.4,1,0,0.6,0.6,0.6,0.72,150,Active_Military_War,Prolonged_Economic_War,Selective_Passage,No_Talks,1,0,0,0,49,0.9733333333333334,0.02666666666666667,0,0,0.02666666666666667,0.2300000000000001,Active_Military_War | Prolonged_Economic_War | Selective_Passage | No_Talks,0.32564113517081433,1,0,0.97,111.10956930310721,Selective_Passage,0,0,0,0,0.37525891450998683,41.10956930310721,0.8988601032578651,0.20618695824704333,44.98893760322333,0.4500000000000001,44.538937603223324,4.572491066821492,0.25,0.2,0,1,0,0.013333333333333334,2,16,0,0,1,0,1,0,0.5067567567567568,0.5149253731343284,0.19274533782699196,1,6,0,0,15,30,-1,-1,21,15,-1,-1,2.5,1,1,0,0,0,0
24,0.08,0.05,0.45,0.4,40,0.33,8,6,150,1,0.06,0.4,1,0,0.6,0.6,0.6,0.72,20,Ground_War,War_Driven_Oil_Shock,Selective_Passage,No_Talks,0,0,0,0,-1,1,0,0,0,0,0.060000000000000005,Ground_War | War_Driven_Oil_Shock | Selective_Passage | No_Talks,0.35348890878096545,1,0.09278869348552173,0.97,109.2776225002912,Accidental_War,0,1,0,1,0.4699913416751623,39.2776225002912,0.6322906065586118,0.3176368725590145,46.11386935252624,0.8,45.31386935252624,8.048329136313384,0.25,0.2,0,0,0,0,0,-1,0,0,0,1,2,2,0.3333333333333333,0,0.07234773177874988,0,-1,0,0,-1,-1,-1,-1,-1,-1,-1,-1,2.5,1,1,0,0,0,0
25,0.08,0.05,0.45,0.4,40,0.33,8,6,150,1,0.06,0.4,1,0,0.6,0.6,0.6,0.72,150,Active_Military_War,Prolonged_Economic_War,Selective_Passage,No_Talks,0,0,0,0,-1,1,0,0,0,0,0.15000000000000005,Active_Military_War | Prolonged_Economic_War | Selective_Passage | No_Talks,0.32071762779259333,1,0,0.97,111.49941319545519,Selective_Passage,0,0,0,0,0.3812466808814887,41.49941319545519,0.9428797314874359,0.21323138927233964,48.54156830315528,1.6500000000000017,46.89156830315528,7.1895401436001265,0.25,0.2,0,1,0,0.03333333333333333,5,80,0,0,1,0,1,0,0.4797297297297297,0.4863013698630137,0.24921534988717167,1,29,0,0,3,33,-1,-1,32,30,-1,-1,2.5,1,1,0,0,0,0
26,0.08,0.05,0.45,0.4,40,0.33,8,6,150,1,0.06,0.4,1,0,0.6,0.6,0.6,0.72,150,Active_Military_War,Prolonged_Economic_War,Selective_Passage,No_Talks,1,0,0,1,43,0.96,0.04,0,0,0.04,0.3,Active_Military_War | Prolonged_Economic_War | Selective_Passage | No_Talks,0.3330319408005784,0.9934950727121302,0.08709039285309603,0.9099999999999999,104.88325030272306,Selective_Passage,0,0,0,0,0.3612110256770439,34.883250302723056,0.705139094718174,0.1896600302082869,42.31541282460828,1.2999999999999998,41.01541282460828,8.176216695846968,0.25,0.2,0,0,0,0.006666666666666667,1,-1,0,0,1,0,1,0,0.46621621621621623,0.46853146853146854,0.24638363760433785,1,131,0,0,6,26,-1,-1,137,20,-1,-1,2.5,1,1,0,0,0,0
27,0.08,0.05,0.45,0.4,40,0.33,8,6,150,1,0.06,0.4,1,0,0.6,0.6,0.6,0.72,9,Ground_War,War_Driven_Oil_Shock,Partial_Closure,No_Talks,0,0,0,0,-1,1,0,0,0,0,0.04,Ground_War | War_Driven_Oil_Shock | Partial_Closure | No_Talks,0.2561591664938767,0.30536079903052454,0.9646572574688911,0.97,119.91355243976865,Ground_War,1,0,0,1,0.6010316187501841,49.91355243976865,0.9552349026397441,0.47180190441198133,60.006377558252666,0.27999999999999986,59.726377558252665,13.083766824645352,0.25,0.2,0,0,0,0,0,-1,0,0,1,0,4,0,0.14285714285714285,0,0,0,-1,0,0,-1,-1,-1,-1,-1,-1,-1,-1,2.5,1,1,0,0,0,0
28,0.08,0.05,0.45,0.4,40,0.33,8,6,150,1,0.06,0.4,1,0,0.6,0.6,0.6,0.72,150,Military_Pause,Prolonged_Economic_War,Selective_Passage,No_Talks,0,0,0,0,-1,1,0,0,0,0,0.14500000000000005,Military_Pause | Prolonged_Economic_War | Selective_Passage | No_Talks,0.32246952712761406,1,0.019841942703655496,0.97,107.55417955728767,Selective_Passage,0,0,0,0,0.38385963933022715,37.55417955728767,0.9410179052465781,0.2163054580355613,42.84490188569778,10.540000000000001,32.30490188569778,-6.561597089487357,0.25,0.2,0,1,0,0.013333333333333334,2,28,0,0,0,1,1,2,0.46621621621621623,0.48360655737704916,0.28161746756459693,1,1,0,0,27,30,-1,-1,28,3,-1,-1,2.5,1,1,0,0,0,0
29,0.08,0.05,0.45,0.4,40,0.33,8,6,150,1,0.06,0.4,1,0,0.6,0.6,0.6,0.72,150,Active_Military_War,Prolonged_Economic_War,Selective_Passage,No_Talks,0,0,0,0,-1,1,0,0,0,0,0.1,Active_Military_War | Prolonged_Economic_War | Selective_Passage | No_Talks,0.31744809841666993,1,0,0.97,113.38016083823499,Selective_Passage,0,0,0,0,0.38166105693241037,43.380160838234985,0.9721116299203396,0.21371889050871803,49.041364077512085,0.8,48.24136407751209,6.481604319036137,0.25,0.2,0,0,0,0,0,-1,0,0,1,0,1,0,0.4864864864864865,0.5128205128205128,0.10101787674323925,1,29,0,0,110,29,-1,-1,139,-81,-1,-1,2.5,1,1,0,0,0,0
30,0.08,0.05,0.45,0.4,40,0.33,8,6,150,1,0.06,0.4,1,0,0.6,0.6,0.6,0.72,150,Military_Pause,Prolonged_Economic_War,Selective_Passage,No_Talks,0,0,0,0,-1,1,0,0,0,0,0.10500000000000001,Military_Pause | Prolonged_Economic_War | Selective_Passage | No_Talks,0.3234688630878504,1,0,0.97,110.11690379543668,Selective_Passage,0,0,0,0,0.3827751239100198,40.116903795436684,0.9358991748605182,0.2150295575411997,42.73945751858071,10.09,32.649457518580704,-9.334307846069976,0.25,0.2,0,0,0,0.006666666666666667,1,-1,0,0,0,1,1,1,0.49324324324324326,0.5,0.22869809458572898,1,-8,0,0,39,31,-1,-1,31,-8,-1,-1,2.5,1,1,0,0,0,0
31,0.08,0.05,0.45,0.4,40,0.33,8,6,150,1,0.06,0.4,1,0,0.6,0.6,0.6,0.72,9,Ground_War,War_Driven_Oil_Shock,Partial_Closure,No_Talks,0,0,0,0,-1,1,0,0,0,0,0,Ground_War | War_Driven_Oil_Shock | Partial_Closure | No_Talks,0.25121614827502603,0.31933720907624197,0.9656289691937177,0.97,122.75049035838593,Ground_War,1,0,0,1,0.6263169708720122,52.75049035838593,0.9797540597107857,0.501549377496485,60.31127721563571,0,60.31127721563571,10.08104914299971,0.25,0.2,0,0,0,0.1111111111111111,1,-1,0,0,1,0,4,0,0.16666666666666666,0.125,0,0,-1,0,0,0,-1,-1,-1,-1,-1,-1,-1,2.5,1,1,0,0,0,1
32,0.08,0.05,0.45,0.4,40,0.33,8,6,150,1,0.06,0.4,1,0,0.6,0.6,0.6,0.72,150,Active_Military_War,Prolonged_Economic_War,Selective_Passage,No_Talks,1,0,0,1,113,0.9266666666666666,0.07333333333333333,0,0,0.07333333333333333,0.31,Active_Military_War | Prolonged_Economic_War | Selective_Passage | No_Talks,0.314281506769747,0.98496406574036,0.09815000833738402,0.9099999999999999,109.41514536856485,Selective_Passage,0,0,0,0,0.3767468104675163,39.41514536856486,0.8656529391873548,0.20793742407943092,47.94448876715166,0.4,47.54448876715166,10.839124531449073,0.25,0.2,0,0,0,0.013333333333333334,2,-1,0,0,1,0,1,0,0.4864864864864865,0.49193548387096775,0.25337945993977895,1,11,0,0,25,32,-1,-1,36,7,-1,-1,2.5,1,1,0,0,0,0
33,0.08,0.05,0.45,0.4,40,0.33,8,6,150,1,0.06,0.4,1,0,0.6,0.6,0.6,0.72,150,Military_Pause,Prolonged_Economic_War,Selective_Passage,No_Talks,0,0,0,0,-1,1,0,0,0,0,0.13000000000000003,Military_Pause | Prolonged_Economic_War | Selective_Passage | No_Talks,0.3193568713717797,1,0,0.97,110.0133154455439,Selective_Passage,0,0,0,0,0.3802433163199724,40.0133154455439,0.9724393249959693,0.21205096037643809,43.365259032335274,10.290000000000001,33.075259032335275,-8.672570516510781,0.25,0.2,0,0,0,0.02,3,-1,0,0,0,1,1,1,0.5135135135135135,0.525,0.19983136127390996,1,8,0,0,29,33,-1,-1,37,4,-1,-1,2.5,1,1,0,0,0,0
34,0.08,0.05,0.45,0.4,40,0.33,8,6,150,1,0.06,0.4,1,0,0.6,0.6,0.6,0.72,150,Limited_Exchange,Prolonged_Economic_War,Selective_Passage,No_Talks,0,0,0,0,-1,1,0,0,0,0,0.13000000000000006,Limited_Exchange | Prolonged_Economic_War | Selective_Passage | No_Talks,0.3172611139782552,1,0.07517929392075842,0.98,111.61554565952943,Selective_Passage,0,0,0,0,0.38601189503568567,41.61554565952944,0.977413492180898,0.21883752357139485,46.31496051595642,10.3,36.01496051595642,-7.000731429466278,0.25,0.2,0,0,0,0,0,-1,0,0,0,1,1,1,0.46621621621621623,0,0.1949561272340941,1,-1,0,0,-1,26,-1,-1,55,-1,-1,-1,2.5,1,1,0,0,0,0
35,0.08,0.05,0.45,0.4,40,0.33,8,6,150,1,0.06,0.4,1,0,0.6,0.6,0.6,0.72,150,Military_Pause,Prolonged_Economic_War,Selective_Passage,No_Talks,1,0,0,1,68,0.5266666666666666,0.47333333333333333,0,0,0.47333333333333333,0.4399999999999999,Military_Pause | Prolonged_Economic_War | Selective_Passage | No_Talks,0.3236869077041365,1,0,0.98,110.1424212483839,Selective_Passage,0,0,0,0,0.38637641691654506,40.14242124838389,0.9567464484952842,0.2192663728429942,42.9726801958964,11.639999999999999,31.3326801958964,-11.01217631560936,0.25,0.2,0,1,0,0.03333333333333333,5,67,0,0,0,1,1,1,0.44594594594594594,0.448,0.22499443071518294,1,6,0,0,24,27,-1,-1,30,3,-1,-1,2.5,1,1,0,0,0,0
36,0.08,0.05,0.45,0.4,40,0.33,8,6,150,1,0.06,0.4,1,0,0.6,0.6,0.6,0.72,150,Military_Pause,Prolonged_Economic_War,Selective_Passage,No_Talks,0,0,0,0,-1,1,0,0,0,0,0.1,Military_Pause | Prolonged_Economic_War | Selective_Passage | No_Talks,0.3188816121131553,1,0.11811245118498157,0.97,110.12838676674333,Selective_Passage,0,0,0,0,0.37377151588736524,40.12838676674333,0.9542709867936449,0.20443707751454734,43.15993252748868,10.19,32.96993252748868,-8.948067799068312,0.25,0.2,0,0,0,0.013333333333333334,2,-1,0,0,0,1,1,1,0.5202702702702703,0.5251798561151079,0.22656468484793835,1,29,0,0,10,28,-1,-1,39,18,-1,-1,2.5,1,1,0,0,0,0
37,0.08,0.05,0.45,0.4,40,0.33,8,6,150,1,0.06,0.4,1,0,0.6,0.6,0.6,0.72,30,Ground_War,War_Driven_Oil_Shock,Partial_Closure,No_Talks,0,0,0,0,-1,1,0,0,0,0,0.05,Ground_War | War_Driven_Oil_Shock | Partial_Closure | No_Talks,0.25687627142007363,0.45051284592641294,1,0.97,120.83634081822649,Ground_War,1,0,0,1,0.4376260354117665,50.83634081822649,1,0.27956004166090176,58.02811952479843,0,58.02811952479843,9.589038275429246,0.25,0.2,0,1,0,0.06666666666666667,2,17,0,0,1,0,3,0,0.42857142857142855,0.46153846153846156,0.030681498897068088,0,-1,0,0,16,27,-1,-1,-1,11,-1,-1,2.5,1,1,0,1,0,1
38,0.08,0.05,0.45,0.4,40,0.33,8,6,150,1,0.06,0.4,1,0,0.6,0.6,0.6,0.72,28,Ground_War,War_Driven_Oil_Shock,Partial_Closure,No_Talks,0,0,0,0,-1,1,0,0,0,0,0.04,Ground_War | War_Driven_Oil_Shock | Partial_Closure | No_Talks,0.2745831487184258,0.684373773170028,0.9868223141885771,0.98,122.63507071067363,Accidental_War,0,1,0,1,0.4770015640499932,52.635070710673624,1,0.32588419299999205,55.88126511480594,0,55.88126511480594,4.3282592055097595,0.25,0.2,0,0,0,0,0,-1,0,0,1,0,3,0,0.3076923076923077,0,0.01577409616159658,0,-1,0,0,-1,-1,-1,-1,-1,-1,-1,-1,2.5,1,1,0,0,0,1
39,0.08,0.05,0.45,0.4,40,0.33,8,6,150,1,0.06,0.4,1,0,0.6,0.6,0.6,0.72,14,Ground_War,War_Driven_Oil_Shock,Partial_Closure,No_Talks,0,0,0,0,-1,1,0,0,0,0,0.04,Ground_War | War_Driven_Oil_Shock | Partial_Closure | No_Talks,0.2105815681474904,0.1125722797036504,1,0.8499999999999999,121.1116065885216,Ground_War,1,0,0,1,0.5320306401969992,51.11160658852159,1,0.3906242825847049,61.36720550075521,1.2000000000000002,60.16720550075521,12.074131882978158,0.25,0.2,0,0,0,0,0,-1,0,0,0,1,4,3,0.36363636363636365,0,0,0,-1,0,0,-1,-1,-1,-1,-1,-1,-1,-1,2.5,1,1,0,1,0,1
40,0.08,0.05,0.45,0.4,40,0.33,8,6,150,1,0.06,0.4,1,0,0.6,0.6,0.6,0.72,150,Military_Pause,Prolonged_Economic_War,Selective_Passage,No_Talks,0,0,0,0,-1,1,0,0,0,0,0.09,Military_Pause | Prolonged_Economic_War | Selective_Passage | No_Talks,0.3176606909509953,1,0.011948739281935072,0.97,110.54858262135633,Selective_Passage,0,0,0,0,0.3922246810305986,40.54858262135633,0.9852467666799503,0.22614668356541012,43.59531088688958,10.49,33.105310886889576,-9.304089668083442,0.25,0.2,0,0,0,0.006666666666666667,1,-1,0,0,0,1,1,2,0.46621621621621623,0.46308724832214765,0.1911575685072638,1,62,0,0,0,30,-1,-1,62,30,-1,-1,2.5,1,1,0,0,0,0
41,0.08,0.05,0.45,0.4,40,0.33,8,6,150,1,0.06,0.4,1,0,0.6,0.6,0.6,0.72,150,Active_Military_War,Prolonged_Economic_War,Selective_Passage,No_Talks,0,0,0,0,-1,1,0,0,0,0,0.12500000000000003,Active_Military_War | Prolonged_Economic_War | Selective_Passage | No_Talks,0.2992264276886952,0.9839120426178384,0.09622721838890778,0.9099999999999999,111.39718828082636,Selective_Passage,0,0,0,0,0.37611987324644575,41.39718828082635,1,0.20719985087817144,50.249017781367776,1.2000000000000006,49.04901778136777,10.202439334055235,0.25,0.2,0,1,0,0.013333333333333334,2,1,0,0,1,0,1,0,0.46258503401360546,0.4563758389261745,0.1905321390380536,1,71,0,0,0,41,-1,-1,71,41,-1,-1,2.5,1,1,0,0,0,0
42,0.08,0.05,0.45,0.4,40,0.33,8,6,150,1,0.06,0.4,1,0,0.6,0.6,0.6,0.72,12,Ground_War,War_Driven_Oil_Shock,Partial_Closure,No_Talks,0,0,0,0,-1,1,0,0,0,0,0,Ground_War | War_Driven_Oil_Shock | Partial_Closure | No_Talks,0.2529046461185276,0.3848929189953093,0.9831545916692602,0.97,124.11060830117243,Ground_War,1,0,0,1,0.609101059171246,54.110608301172434,1,0.48129536373087767,60.43609778539239,0,60.43609778539239,8.433985978959939,0.25,0.2,0,0,0,0,0,-1,0,0,1,0,4,0,0.3,0,0,0,-1,0,0,-1,-1,-1,-1,-1,-1,-1,-1,2.5,1,1,0,0,0,1
43,0.08,0.05,0.45,0.4,40,0.33,8,6,150,1,0.06,0.4,1,0,0.6,0.6,0.6,0.72,150,Military_Pause,Prolonged_Economic_War,Selective_Passage,No_Talks,1,0,0,0,83,0.9866666666666667,0.013333333333333334,0,0,0.013333333333333334,0.20000000000000018,Military_Pause | Prolonged_Economic_War | Selective_Passage | No_Talks,0.3105087868335752,1,0.599903009346904,0.97,111.03141703644785,Selective_Passage,0,0,0,0,0.36930814168695036,41.03141703644785,0.9373366972004283,0.199186049043471,43.30160599827515,10.09,33.21160599827515,-9.774763797715877,0.25,0.2,0,0,0,0.02,3,-1,0,0,0,1,1,1,0.4594594594594595,0.4563758389261745,0.23154724098591775,1,48,0,0,0,31,-1,-1,48,31,-1,-1,2.5,1,1,0,0,0,0
44,0.08,0.05,0.45,0.4,40,0.33,8,6,150,1,0.06,0.4,1,0,0.6,0.6,0.6,0.72,12,Ground_War,War_Driven_Oil_Shock,Partial_Closure,No_Talks,0,0,0,0,-1,1,0,0,0,0,0,Ground_War | War_Driven_Oil_Shock | Partial_Closure | No_Talks,0.24876231032044263,0.3275144057792051,1,0.97,127.03068731031485,Ground_War,1,0,0,1,0.6145969530196544,57.030687310314846,1,0.4877611211995935,59.10689653186618,0,59.10689653186618,2.768278962068443,0.25,0.2,0,0,0,0.08333333333333333,1,-1,0,0,1,0,4,0,0,0,0,0,-1,0,0,0,-1,-1,-1,-1,-1,-1,-1,2.5,1,1,0,1,0,1
45,0.08,0.05,0.45,0.4,40,0.33,8,6,150,1,0.06,0.4,1,0,0.6,0.6,0.6,0.72,150,Active_Military_War,Prolonged_Economic_War,Selective_Passage,No_Talks,0,0,0,0,-1,1,0,0,0,0,0.08000000000000002,Active_Military_War | Prolonged_Economic_War | Selective_Passage | No_Talks,0.29658138164806047,0.9805653290015712,0.21055800676830622,0.9099999999999999,112.96520213181853,Selective_Passage,0,0,0,0,0.37302177693527194,42.96520213181853,1,0.20355503168855527,50.38018999677203,0.9,49.48018999677203,8.68665048660467,0.25,0.2,0,0,0,0.006666666666666667,1,-1,0,0,1,0,1,0,0.4864864864864865,0.5,0.09464597095085675,0,-1,0,0,17,27,-1,-1,-1,10,-1,-1,2.5,1,1,0,0,0,0
46,0.08,0.05,0.45,0.4,40,0.33,8,6,150,1,0.06,0.4,1,0,0.6,0.6,0.6,0.72,150,Military_Pause,Prolonged_Economic_War,Selective_Passage,No_Talks,1,0,0,1,120,0.88,0.12,0,0,0.12,0.3,Military_Pause | Prolonged_Economic_War | Selective_Passage | No_Talks,0.33986601624672325,1,0,0.97,106.73002469868544,Selective_Passage,0,0,0,0,0.38138672044078825,36.73002469868543,0.7901901171604407,0.21339614169504495,40.24398477042708,10.44,29.803984770427085,-8.657549910322935,0.25,0.2,0,0,0,0,0,-1,0,0,0,1,1,1,0.4897959183673469,0.5172413793103449,0.23619641765096255,1,-43,0,0,120,34,-1,-1,77,-86,-1,-1,2.5,1,1,0,0,0,0
47,0.08,0.05,0.45,0.4,40,0.33,8,6,150,1,0.06,0.4,1,0,0.6,0.6,0.6,0.72,150,Military_Pause,Prolonged_Economic_War,Selective_Passage,No_Talks,0,0,0,0,-1,1,0,0,0,0,0.14,Military_Pause | Prolonged_Economic_War | Selective_Passage | No_Talks,0.3235114419515889,1,0.010798559611587433,0.98,109.24887201279552,Selective_Passage,0,0,0,0,0.36750291847894934,39.24887201279551,0.9540346887485956,0.19706225703405808,42.95373882651586,10.49,32.46373882651586,-8.481416482849568,0.25,0.2,0,0,0,0,0,-1,0,0,0,1,1,2,0.4797297297297297,0,0.19421218530954198,1,-1,0,0,-1,25,-1,-1,115,-1,-1,-1,2.5,1,1,0,0,0,0
48,0.08,0.05,0.45,0.4,40,0.33,8,6,150,1,0.06,0.4,1,0,0.6,0.6,0.6,0.72,150,Active_Military_War,Prolonged_Economic_War,Selective_Passage,No_Talks,0,0,0,0,-1,1,0,0,0,0,0.12500000000000006,Active_Military_War | Prolonged_Economic_War | Selective_Passage | No_Talks,0.3248569134496056,1,0.22527921898034522,0.97,112.05926762855631,Selective_Passage,0,0,0,0,0.3691396976771755,42.05926762855631,0.8631634538939923,0.1989878796202065,44.57923646340207,0.20000000000000004,44.379236463402066,3.0932917797943418,0.25,0.2,0,0,0,0.006666666666666667,1,-1,0,0,1,0,1,0,0.4864864864864865,0.4859154929577465,0.08430044735971749,1,13,0,0,7,22,-1,-1,20,15,-1,-1,2.5,1,1,0,0,0,0
49,0.08,0.05,0.45,0.4,40,0.33,8,6,150,1,0.06,0.4,1,0,0.6,0.6,0.6,0.72,150,Military_Pause,Prolonged_Economic_War,Selective_Passage,No_Talks,0,0,0,0,-1,1,0,0,0,0,0.13000000000000003,Military_Pause | Prolonged_Economic_War | Selective_Passage | No_Talks,0.3172144556148079,1,0.05051371302247057,0.97,110.45132792029219,Selective_Passage,0,0,0,0,0.3593305176026965,40.45132792029219,0.9819010233761398,0.18744766776787825,43.5725655540422,10.09,33.482565554042196,-8.710952957812488,0.25,0.2,0,0,0,0,0,-1,0,0,0,1,1,1,0.47619047619047616,0,0.26102426158177283,1,-1,0,0,-1,31,-1,-1,33,-1,-1,-1,2.5,1,1,0,0,0,0
50,0.08,0.05,0.45,0.4,40,0.33,8,6,150,1,0.06,0.4,1,0,0.6,0.6,0.6,0.72,17,Ground_War,War_Driven_Oil_Shock,Partial_Closure,No_Talks,0,0,0,0,-1,1,0,0,0,0,0.04,Ground_War | War_Driven_Oil_Shock | Partial_Closure | No_Talks,0.27494819050903035,0.6524063154525077,0.7758248117685682,0.97,118.1435998549133,Ground_War,1,0,0,1,0.5221492933958916,48.143599854913305,1,0.3789991687010489,59.95113980880133,1.2000000000000002,58.75113980880133,14.143386605184027,0.25,0.2,0,0,0,0,0,-1,0,0,0,1,3,3,0.4,0,0.033474022092125175,0,-1,0,0,-1,-1,-1,-1,-1,-1,-1,-1,2.5,1,1,0,0,0,0
51,0.08,0.05,0.45,0.4,40,0.33,8,6,150,1,0.06,0.4,1,0,0.6,0.6,0.6,0.72,150,Active_Military_War,Prolonged_Economic_War,Selective_Passage,No_Talks,0,0,0,0,-1,1,0,0,0,0,0.13000000000000003,Active_Military_War | Prolonged_Economic_War | Selective_Passage | No_Talks,0.32309124319974963,1,0,0.97,110.21577620494533,Selective_Passage,0,0,0,0,0.3763468801886337,40.21577620494533,0.921657935772212,0.20746691786898083,45.37872618918595,1.7000000000000002,43.678726189185944,4.617266645654155,0.25,0.2,0,0,0,0.013333333333333334,2,-1,0,0,1,0,1,0,0.4864864864864865,0.48322147651006714,0.1511354908601673,1,100,0,0,0,27,-1,-1,100,27,-1,-1,2.5,1,1,0,0,0,0
52,0.08,0.05,0.45,0.4,40,0.33,8,6,150,1,0.06,0.4,1,0,0.6,0.6,0.6,0.72,150,Military_Pause,Prolonged_Economic_War,Selective_Passage,No_Talks,0,0,0,0,-1,1,0,0,0,0,0.13000000000000003,Military_Pause | Prolonged_Economic_War | Selective_Passage | No_Talks,0.32467944575070706,1,0,0.97,110.92903358852905,Selective_Passage,0,0,0,0,0.3715669848623961,40.92903358852906,0.9251416453452533,0.2018435116028189,42.55521968075144,10.49,32.06521968075144,-11.079767384722025,0.25,0.2,0,0,0,0.006666666666666667,1,-1,0,0,0,1,1,1,0.4594594594594595,0.46825396825396826,0.25552331149323126,1,0,0,0,23,30,-1,-1,23,7,-1,-1,2.5,1,1,0,0,0,0
53,0.08,0.05,0.45,0.4,40,0.33,8,6,150,1,0.06,0.4,1,0,0.6,0.6,0.6,0.72,150,Active_Military_War,Prolonged_Economic_War,Selective_Passage,No_Talks,1,0,0,1,24,0.84,0.16,0,0,0.16,0.355,Active_Military_War | Prolonged_Economic_War | Selective_Passage | No_Talks,0.33147537008681516,1,0,0.97,112.08470077171063,Selective_Passage,0,0,0,0,0.3867947037470655,42.08470077171063,0.8466979285564777,0.2197584749965476,46.89708877045408,0,46.89708877045408,6.416517331657936,0.25,0.2,0,1,0,0.03333333333333333,5,25,0,0,1,0,1,0,0.44594594594594594,0.456,0.22369022528986077,1,5,0,0,24,32,-1,-1,29,8,-1,-1,2.5,1,1,0,0,0,0
54,0.08,0.05,0.45,0.4,40,0.33,8,6,150,1,0.06,0.4,1,0,0.6,0.6,0.6,0.72,150,Military_Pause,Prolonged_Economic_War,Selective_Passage,No_Talks,0,0,0,0,-1,1,0,0,0,0,0.11000000000000001,Military_Pause | Prolonged_Economic_War | Selective_Passage | No_Talks,0.3009034579276663,1,0.9817311713930557,0.97,109.94309394029463,Selective_Passage,0,0,0,0,0.369414035280597,39.94309394029463,0.9982942466047533,0.19931062974187888,44.46090342493695,11.46,33.00090342493695,-8.6777381441971,0.25,0.2,0,1,0,0.04,6,10,0,0,0,1,2,2,0.4797297297297297,0.4785714285714286,0.19842795929505078,1,52,0,0,9,26,-1,-1,61,17,-1,-1,2.5,1,1,0,0,0,0
55,0.08,0.05,0.45,0.4,40,0.33,8,6,150,1,0.06,0.4,1,0,0.6,0.6,0.6,0.72,35,Ground_War,War_Driven_Oil_Shock,Partial_Closure,No_Talks,0,0,0,0,-1,1,0,0,0,0,0.060000000000000005,Ground_War | War_Driven_Oil_Shock | Partial_Closure | No_Talks,0.3340315266513276,1,0,0.97,112.61807901989297,Ground_War,1,0,0,1,0.4242496095325199,42.61807901989298,0.8238440861586479,0.26382307003825867,49.306342549011475,0.4,48.90634254901148,8.384351372157994,0.25,0.2,0,0,0,0,0,-1,0,0,0,1,1,2,0.3939393939393939,0,0.0766371326565173,0,-1,0,0,-1,25,-1,-1,-1,-1,-1,-1,2.5,1,1,0,0,0,0
56,0.08,0.05,0.45,0.4,40,0.33,8,6,150,1,0.06,0.4,1,0,0.6,0.6,0.6,0.72,150,Active_Military_War,Prolonged_Economic_War,Selective_Passage,No_Talks,0,0,0,0,-1,1,0,0,0,0,0.14500000000000002,Active_Military_War | Prolonged_Economic_War | Selective_Passage | No_Talks,0.3148916264193624,1,0.0933981310227125,0.97,113.53539031450448,Selective_Passage,0,0,0,0,0.382984306961171,43.53539031450448,0.9772619949434231,0.21527565524843642,46.41260042768523,0.10000000000000002,46.312600427685226,3.702946817574329,0.25,0.2,0,0,0,0,0,-1,0,0,1,0,1,0,0.5135135135135135,0.5306122448979592,0.059685249337065927,1,16,0,0,51,30,-1,-1,67,-21,-1,-1,2.5,1,1,0,0,0,0
57,0.08,0.05,0.45,0.4,40,0.33,8,6,150,1,0.06,0.4,1,0,0.6,0.6,0.6,0.72,150,Active_Military_War,Prolonged_Economic_War,Selective_Passage,No_Talks,0,0,0,0,-1,1,0,0,0,0,0.16000000000000006,Active_Military_War | Prolonged_Economic_War | Selective_Passage | No_Talks,0.33299330955704676,1,0.07418159819469983,0.9099999999999999,105.43718974550991,Selective_Passage,0,0,0,0,0.37602949372360783,35.43718974550991,0.7117683269690371,0.20709352202777387,45.160208253020095,2,43.160208253020095,10.297358010013582,0.25,0.2,0,1,0,0.013333333333333334,2,8,0,0,1,0,1,0,0.46621621621621623,0.4647887323943662,0.15222230230887138,1,14,0,0,7,22,-1,-1,21,15,-1,-1,2.5,1,1,0,0,0,0
58,0.08,0.05,0.45,0.4,40,0.33,8,6,150,1,0.06,0.4,1,0,0.6,0.6,0.6,0.72,11,Ground_War,War_Driven_Oil_Shock,Partial_Closure,No_Talks,0,0,0,0,-1,1,0,0,0,0,0,Ground_War | War_Driven_Oil_Shock | Partial_Closure | No_Talks,0.22056504082487435,0.14263219780612335,1,0.8899999999999999,128.35668401976778,Ground_War,1,0,0,1,0.6371094425624828,58.35668401976778,1,0.5142464030146857,61.14756910185277,0,61.14756910185277,3.7211801094466495,0.25,0.2,0,0,0,0,0,-1,0,0,1,0,4,0,0.1111111111111111,0,0,0,-1,0,0,-1,-1,-1,-1,-1,-1,-1,-1,2.5,1,1,0,1,0,1
59,0.08,0.05,0.45,0.4,40,0.33,8,6,150,1,0.06,0.4,1,0,0.6,0.6,0.6,0.72,150,Active_Military_War,Prolonged_Economic_War,Selective_Passage,No_Talks,0,0,0,0,-1,1,0,0,0,0,0.11500000000000002,Active_Military_War | Prolonged_Economic_War | Selective_Passage | No_Talks,0.2789741860112331,0.9553363320540801,0.3964743039855898,0.8499999999999999,110.14739699621977,Selective_Passage,0,0,0,0,0.36746268699722345,40.14739699621977,1,0.1970149258790864,48.47106619520373,2.3500000000000005,46.12106619520373,7.964892265311953,0.25,0.2,0,1,0,0.013333333333333334,2,30,0,0,1,0,1,0,0.5238095238095238,0.5333333333333333,0.1746413733366789,1,1,0,0,29,28,-1,-1,30,-1,-1,-1,2.5,1,1,0,0,0,0
60,0.08,0.05,0.45,0.4,40,0.33,8,6,150,1,0.06,0.4,1,0,0.6,0.6,0.6,0.72,150,Limited_Exchange,Prolonged_Economic_War,Selective_Passage,No_Talks,0,0,0,0,-1,1,0,0,0,0,0.10000000000000003,Limited_Exchange | Prolonged_Economic_War | Selective_Passage | No_Talks,0.32218957208204163,1,0,0.97,109.1826645152691,Selective_Passage,0,0,0,0,0.390643550001417,39.18266451526909,0.9297195114616121,0.22428652941343175,45.51655991467825,10.25,35.26655991467825,-4.895130750738552,0.25,0.2,0,1,0,0.013333333333333334,2,20,0,0,0,1,1,1,0.49324324324324326,0.49230769230769234,0.17241284121699194,1,39,0,0,19,24,-1,-1,58,5,-1,-1,2.5,1,1,0,0,0,0
61,0.08,0.05,0.45,0.4,40,0.33,8,6,150,1,0.06,0.4,1,0,0.6,0.6,0.6,0.72,150,Military_Pause,Prolonged_Economic_War,Selective_Passage,No_Talks,0,0,0,0,-1,1,0,0,0,0,0.13000000000000003,Military_Pause | Prolonged_Economic_War | Selective_Passage | No_Talks,0.299124717311888,1,0.9010490324390364,0.97,109.90158357835307,Selective_Passage,0,0,0,0,0.37002114709046696,39.90158357835307,0.9814074088504378,0.20002487892996113,44.32621374264613,10.49,33.83621374264613,-7.581712294633675,0.25,0.2,0,0,0,0.006666666666666667,1,-1,0,0,0,1,2,2,0.46621621621621623,0.45714285714285713,0.2385470618489715,1,-74,0,0,114,29,-1,-1,40,-85,-1,-1,2.5,1,1,0,0,0,0
62,0.08,0.05,0.45,0.4,40,0.33,8,6,150,1,0.06,0.4,1,0,0.6,0.6,0.6,0.72,150,Active_Military_War,Prolonged_Economic_War,Selective_Passage,No_Talks,1,0,0,1,14,0.9466666666666667,0.05333333333333334,0,0,0.05333333333333334,0.3,Active_Military_War | Prolonged_Economic_War | Selective_Passage | No_Talks,0.30149721736201035,0.9844649171521089,0.09440724848808356,0.9099999999999999,110.26390556153473,Selective_Passage,0,0,0,0,0.37265037302114956,40.26390556153473,0.9803686520611782,0.20311808590723476,47.10689865344152,1,46.10689865344152,7.790657455875717,0.25,0.2,0,0,0,0.013333333333333334,2,-1,0,0,1,0,1,0,0.4594594594594595,0.4740740740740741,0.24846311467199397,1,5,0,0,14,31,-1,-1,19,17,-1,-1,2.5,1,1,0,0,0,0
63,0.08,0.05,0.45,0.4,40,0.33,8,6,150,1,0.06,0.4,1,0,0.6,0.6,0.6,0.72,150,Active_Military_War,Prolonged_Economic_War,Selective_Passage,No_Talks,0,0,0,0,-1,1,0,0,0,0,0.15500000000000003,Active_Military_War | Prolonged_Economic_War | Selective_Passage | No_Talks,0.2870465150725937,0.9557503642392939,0.30306493093491693,0.8803199999999998,112.0212478554468,Selective_Passage,0,0,0,0,0.37958941720496014,42.02124785544681,1,0.2112816672999531,53.7295441815153,1.2000000000000002,52.5295441815153,14.011061768091317,0.25,0.2,0,0,0,0,0,-1,0,0,1,0,1,0,0.5135135135135135,0.5344827586206896,0.18950973577545469,1,-51,0,0,91,24,-1,-1,40,-67,-1,-1,2.5,1,1,0,0,0,0
64,0.08,0.05,0.45,0.4,40,0.33,8,6,150,1,0.06,0.4,1,0,0.6,0.6,0.6,0.72,14,Ground_War,War_Driven_Oil_Shock,Partial_Closure,No_Talks,0,0,0,0,-1,1,0,0,0,0,0.04,Ground_War | War_Driven_Oil_Shock | Partial_Closure | No_Talks,0.28371222746155067,0.655524507309359,0.732549620061283,0.97,117.51597641292057,Accidental_War,0,1,0,1,0.533870292230509,47.515976412920566,0.9316864950008378,0.3927885790947165,54.8238519407691,0.8,54.023851940769106,8.677167370464716,0.25,0.2,0,0,0,0.07142857142857142,1,-1,0,0,0,1,3,2,0.3333333333333333,0.16666666666666666,0.003979455147628251,0,-1,0,0,7,-1,-1,-1,-1,-1,-1,-1,2.5,1,1,0,0,0,0
65,0.08,0.05,0.45,0.4,40,0.33,8,6,150,1,0.06,0.4,1,0,0.6,0.6,0.6,0.72,9,Ground_War,War_Driven_Oil_Shock,Partial_Closure,No_Talks,0,0,0,0,-1,1,0,0,0,0,0,Ground_War | War_Driven_Oil_Shock | Partial_Closure | No_Talks,0.281429848870575,0.43946643300155364,0.7084773041497034,0.94,116.20387182742742,Ground_War,1,0,0,1,0.6133895072836651,46.20387182742742,0.9071174678588516,0.4863405968043119,58.711404350876286,1.6099999999999994,57.10140435087629,14.530043364598484,0.25,0.2,0,0,0,0,0,-1,0,0,0,1,4,3,0.42857142857142855,0,0,0,-1,0,0,-1,-1,-1,-1,-1,-1,-1,-1,2.5,1,1,0,0,0,0
66,0.08,0.05,0.45,0.4,40,0.33,8,6,150,1,0.06,0.4,1,0,0.6,0.6,0.6,0.72,150,Active_Military_War,Prolonged_Economic_War,Selective_Passage,No_Talks,0,0,0,0,-1,1,0,0,0,0,0.185,Active_Military_War | Prolonged_Economic_War | Selective_Passage | No_Talks,0.31970709978223155,1,0,0.97,110.53408518825363,Selective_Passage,0,0,0,0,0.3728094846595451,40.53408518825363,0.9519145645677034,0.20330527607005303,45.8960424097858,1.2000000000000002,44.6960424097858,5.549276295376224,0.25,0.2,0,0,0,0,0,-1,0,0,1,0,1,0,0.5202702702702703,0.5268817204301075,0.1075763487436073,1,2,0,0,56,25,-1,-1,58,-31,-1,-1,2.5,1,1,0,0,0,0
67,0.08,0.05,0.45,0.4,40,0.33,8,6,150,1,0.06,0.4,1,0,0.6,0.6,0.6,0.72,150,Active_Military_War,Prolonged_Economic_War,Selective_Passage,No_Talks,0,0,0,0,-1,1,0,0,0,0,0.08,Active_Military_War | Prolonged_Economic_War | Selective_Passage | No_Talks,0.2941187297371196,1,0.9531272525410511,0.97,111.5147866758152,Selective_Passage,0,0,0,0,0.37836556686888634,41.514786675815195,1,0.20984184337516035,47.56701335104098,1.7500000000000002,45.81701335104098,5.736302233634376,0.25,0.2,0,0,0,0.02666666666666667,4,-1,0,0,1,0,2,0,0.4797297297297297,0.5333333333333333,0.23407174237290615,1,-53,0,0,89,32,-1,-1,36,-57,-1,-1,2.5,1,1,0,0,0,0
68,0.08,0.05,0.45,0.4,40,0.33,8,6,150,1,0.06,0.4,1,0,0.6,0.6,0.6,0.72,12,Ground_War,War_Driven_Oil_Shock,Partial_Closure,No_Talks,0,0,0,0,-1,1,0,0,0,0,0,Ground_War | War_Driven_Oil_Shock | Partial_Closure | No_Talks,0.24606379495134909,0.2866079758572193,1,0.97,125.40410461353326,Ground_War,1,0,0,1,0.5985607113279311,55.404104613533264,1,0.4688949545034483,60.58659651107032,0,60.58659651107032,6.909989196716076,0.25,0.2,0,0,0,0,0,-1,0,0,1,0,4,0,0.1111111111111111,0,0,0,-1,0,0,-1,-1,-1,-1,-1,-1,-1,-1,2.5,1,1,0,1,0,1
69,0.08,0.05,0.45,0.4,40,0.33,8,6,150,1,0.06,0.4,1,0,0.6,0.6,0.6,0.72,9,Ground_War,War_Driven_Oil_Shock,Partial_Closure,No_Talks,0,0,0,0,-1,1,0,0,0,0,0,Ground_War | War_Driven_Oil_Shock | Partial_Closure | No_Talks,0.3036416255844139,0.5288012194443266,0.6936232278175843,0.97,115.53049186857282,Accidental_War,0,1,0,1,0.5978096781680109,45.530491868572824,0.8130314162128598,0.46801138608001275,53.27583396982811,0.7199999999999999,52.555833969828115,9.367122801673723,0.25,0.2,0,0,0,0,0,-1,0,0,1,0,4,0,0.2857142857142857,0,0,0,-1,0,0,-1,-1,-1,-1,-1,-1,-1,-1,2.5,1,1,0,0,0,0
70,0.08,0.05,0.45,0.4,40,0.33,8,6,150,1,0.06,0.4,1,0,0.6,0.6,0.6,0.72,14,Ground_War,War_Driven_Oil_Shock,Partial_Closure,No_Talks,0,0,0,0,-1,1,0,0,0,0,0.04,Ground_War | War_Driven_Oil_Shock | Partial_Closure | No_Talks,0.2497450275930942,0.31203958856190817,0.9998377657591859,0.98,123.25404681784747,Ground_War,1,0,0,1,0.5458726107144654,53.25404681784746,1,0.40690895378172404,60.505609392951925,0.10000000000000002,60.405609392951924,9.535416766805952,0.25,0.2,0,0,0,0.07142857142857142,1,-1,0,0,1,0,4,0,0.18181818181818182,0.15384615384615385,0,0,-1,0,0,0,-1,-1,-1,-1,-1,-1,-1,2.5,1,1,0,1,0,1
71,0.08,0.05,0.45,0.4,40,0.33,8,6,150,1,0.06,0.4,1,0,0.6,0.6,0.6,0.72,150,Active_Military_War,Prolonged_Economic_War,Selective_Passage,No_Talks,0,0,0,0,-1,1,0,0,0,0,0.11,Active_Military_War | Prolonged_Economic_War | Selective_Passage | No_Talks,0.31421827099460076,1,0.3255348890787524,0.97,112.57703379286252,Selective_Passage,0,0,0,0,0.3778301286384762,42.57703379286252,0.9392740792626909,0.20921191604526615,45.96983120108413,0.8,45.169831201084136,3.457063210962147,0.25,0.2,0,1,0,0.02666666666666667,4,117,0,0,1,0,1,0,0.4557823129251701,0.44966442953020136,0.18470741233507212,1,35,0,0,0,27,-1,-1,35,27,-1,-1,2.5,1,1,0,0,0,0
72,0.08,0.05,0.45,0.4,40,0.33,8,6,150,1,0.06,0.4,1,0,0.6,0.6,0.6,0.72,150,Active_Military_War,Prolonged_Economic_War,Selective_Passage,No_Talks,0,0,0,0,-1,1,0,0,0,0,0.09,Active_Military_War | Prolonged_Economic_War | Selective_Passage | No_Talks,0.32691882402841826,1,0,0.97,111.36798687864567,Selective_Passage,0,0,0,0,0.39288568362437715,41.36798687864567,0.8874366637899807,0.2269243336757378,50.3936240218022,0.9,49.4936240218022,10.834182857542046,0.25,0.2,0,0,0,0,0,-1,0,0,1,0,1,0,0.46621621621621623,0.4528301886792453,0.11024782998819624,1,3,0,0,96,22,-1,-1,99,-74,-1,-1,2.5,1,1,0,0,0,0
73,0.08,0.05,0.45,0.4,40,0.33,8,6,150,1,0.06,0.4,1,0,0.6,0.6,0.6,0.72,150,Active_Military_War,Prolonged_Economic_War,Selective_Passage,No_Talks,0,0,0,0,-1,1,0,0,0,0,0.09,Active_Military_War | Prolonged_Economic_War | Selective_Passage | No_Talks,0.3115111165706189,1,0.25724114415158394,0.98,113.246070841523,Selective_Passage,0,0,0,0,0.39649432576903276,43.246070841523,0.9943074727200385,0.2311697950223915,49.56594576576248,0.4000000000000001,49.16594576576248,7.893166565652642,0.25,0.2,0,1,0,0.02,3,56,0,0,1,0,1,0,0.4864864864864865,0.48936170212765956,0.1727699523989478,1,-21,0,0,55,29,-1,-1,34,-26,-1,-1,2.5,1,1,0,0,0,0
74,0.08,0.05,0.45,0.4,40,0.33,8,6,150,1,0.06,0.4,1,0,0.6,0.6,0.6,0.72,150,Military_Pause,Prolonged_Economic_War,Selective_Passage,No_Talks,1,0,0,1,54,0.78,0.22,0,0,0.22,0.3,Military_Pause | Prolonged_Economic_War | Selective_Passage | No_Talks,0.32715066139019544,1,0,0.98,110.42928463252517,Selective_Passage,0,0,0,0,0.36482662672479116,40.429284632525174,0.9243916504367812,0.1939136784997543,42.43118391902787,10.290000000000001,32.141183919027874,-10.360125891871625,0.25,0.2,0,0,0,0.013333333333333334,2,-1,0,0,0,1,1,1,0.4797297297297297,0.4930555555555556,0.1470669878294379,1,50,0,0,5,22,-1,-1,55,17,-1,-1,2.5,1,1,0,0,0,0
75,0.08,0.05,0.45,0.4,40,0.33,8,6,150,1,0.06,0.4,1,0,0.6,0.6,0.6,0.72,150,Military_Pause,Prolonged_Economic_War,Selective_Passage,No_Talks,0,0,0,0,-1,1,0,0,0,0,0.10500000000000001,Military_Pause | Prolonged_Economic_War | Selective_Passage | No_Talks,0.31104731621866694,1,0.689930928583006,0.98,112.91187016504742,Selective_Passage,0,0,0,0,0.38514625156678056,42.91187016504742,0.9355576122506862,0.21781911949033006,43.24971913399342,10.09,33.15971913399342,-12.190188788817494,0.25,0.2,0,1,0,0.02666666666666667,4,69,0,0,0,1,2,1,0.4391891891891892,0.4691358024691358,0.19591568971217985,1,-41,0,0,68,29,-1,-1,27,-39,-1,-1,2.5,1,1,0,0,0,0
76,0.08,0.05,0.45,0.4,40,0.33,8,6,150,1,0.06,0.4,1,0,0.6,0.6,0.6,0.72,15,Ground_War,War_Driven_Oil_Shock,Partial_Closure,No_Talks,0,0,0,0,-1,1,0,0,0,0,0,Ground_War | War_Driven_Oil_Shock | Partial_Closure | No_Talks,0.25492610715028713,0.38683949108107973,0.9882041311709834,0.98,125.11502426896865,Ground_War,1,0,0,1,0.5628541064493782,55.11502426896865,1,0.426887184058092,60.39162564269368,0,60.39162564269368,7.035468498300048,0.25,0.2,0,0,0,0.06666666666666667,1,-1,0,0,1,0,4,0,0.16666666666666666,0.14285714285714285,0,0,-1,0,0,0,-1,-1,-1,-1,-1,-1,-1,2.5,1,1,0,0,0,1
77,0.08,0.05,0.45,0.4,40,0.33,8,6,150,1,0.06,0.4,1,0,0.6,0.6,0.6,0.72,150,Military_Pause,Prolonged_Economic_War,Selective_Passage,No_Talks,0,0,0,0,-1,1,0,0,0,0,0.10000000000000003,Military_Pause | Prolonged_Economic_War | Selective_Passage | No_Talks,0.3219649961686631,1,0,0.97,108.25952650563043,Selective_Passage,0,0,0,0,0.36986200389680957,38.25952650563043,0.9492628990129963,0.1998376516433054,42.96833010867731,10.89,32.07833010867731,-7.726495496191404,0.25,0.2,0,0,0,0,0,-1,1,1,0,1,1,3,0.49324324324324326,0.53125,0.1712281959345772,0,-1,0,0,53,25,-1,-1,-1,-28,-1,-1,2.5,1,1,0,0,0,0
78,0.08,0.05,0.45,0.4,40,0.33,8,6,150,1,0.06,0.4,1,0,0.6,0.6,0.6,0.72,150,Military_Pause,Prolonged_Economic_War,Selective_Passage,No_Talks,0,0,0,0,-1,1,0,0,0,0,0.09,Military_Pause | Prolonged_Economic_War | Selective_Passage | No_Talks,0.31430291671222543,1,0.09387897305617929,0.97,110.93791590318546,Selective_Passage,0,0,0,0,0.3786898162613108,40.93791590318545,0.9995525300528502,0.210223313248601,43.91372887074187,10.29,33.62372887074187,-9.142733790554473,0.25,0.2,0,0,0,0,0,-1,0,0,0,1,1,1,0.4864864864864865,0.5,0.11393488808724474,0,-1,0,0,119,23,-1,-1,-1,-96,-1,-1,2.5,1,1,0,0,0,0
79,0.08,0.05,0.45,0.4,40,0.33,8,6,150,1,0.06,0.4,1,0,0.6,0.6,0.6,0.72,150,Active_Military_War,Prolonged_Economic_War,Selective_Passage,No_Talks,0,0,0,0,-1,1,0,0,0,0,0.12,Active_Military_War | Prolonged_Economic_War | Selective_Passage | No_Talks,0.29764615331355804,0.9811957249152107,0.25663111996079147,0.9199999999999999,113.5200457255664,Selective_Passage,0,0,0,0,0.39047727047200254,43.520045725566405,1,0.22409090643765003,47.5316872113393,0.4,47.131687211339305,4.815521981030528,0.25,0.2,0,1,0,0.03333333333333333,5,106,0,0,1,0,1,0,0.4527027027027027,0.4891304347826087,0.15713061851449134,1,0,0,0,57,30,-1,-1,57,-27,-1,-1,2.5,1,1,0,0,0,0
80,0.08,0.05,0.45,0.4,40,0.33,8,6,150,1,0.06,0.4,1,0,0.6,0.6,0.6,0.72,84,Ground_War,War_Driven_Oil_Shock,Selective_Passage,No_Talks,0,0,0,0,-1,1,0,0,0,0,0.09,Ground_War | War_Driven_Oil_Shock | Selective_Passage | No_Talks,0.35105361476893054,1,0,0.97,108.63671418980422,Ground_War,1,0,0,1,0.3879458839647695,38.63671418980422,0.6716546136816884,0.22111280466443467,46.70426538935786,0,46.70426538935786,10.756734932738183,0.25,0.2,0,0,0,0,0,-1,0,0,1,0,1,0,0.4146341463414634,0.45454545454545453,0.23610694048619088,1,-18,0,0,50,29,-1,-1,32,-21,-1,-1,2.5,1,1,0,0,0,0
81,0.08,0.05,0.45,0.4,40,0.33,8,6,150,1,0.06,0.4,1,0,0.6,0.6,0.6,0.72,9,Ground_War,War_Driven_Oil_Shock,Partial_Closure,No_Talks,0,0,0,0,-1,1,0,0,0,0,0.04,Ground_War | War_Driven_Oil_Shock | Partial_Closure | No_Talks,0.2923022157935212,0.5137689256340128,0.7187050989305245,0.97,116.4567364446777,Accidental_War,0,1,0,1,0.59359486413121,46.4567364446777,0.8210880845072972,0.4630527813308353,53.942185630758516,0.2699999999999998,53.67218563075851,9.620598914774419,0.25,0.2,0,0,0,0,0,-1,0,0,1,0,4,0,0.2857142857142857,0,0,0,-1,0,0,-1,-1,-1,-1,-1,-1,-1,-1,2.5,1,1,0,0,0,0
82,0.08,0.05,0.45,0.4,40,0.33,8,6,150,1,0.06,0.4,1,0,0.6,0.6,0.6,0.72,150,Active_Military_War,Prolonged_Economic_War,Selective_Passage,No_Talks,0,0,0,0,-1,1,0,0,0,0,0.16500000000000004,Active_Military_War | Prolonged_Economic_War | Selective_Passage | No_Talks,0.3161316422607664,1,0.2094400199479845,0.98,112.93781855380752,Selective_Passage,0,0,0,0,0.3885165166279704,42.93781855380751,0.9620587901102972,0.22178413720937687,46.172000022415496,0.25,45.922000022415496,3.97890862481065,0.25,0.2,0,1,0,0.03333333333333333,5,62,0,0,1,0,1,0,0.4864864864864865,0.48322147651006714,0.21820175046428858,1,22,0,0,0,25,-1,-1,22,25,-1,-1,2.5,1,1,0,0,0,0
83,0.08,0.05,0.45,0.4,40,0.33,8,6,150,1,0.06,0.4,1,0,0.6,0.6,0.6,0.72,150,Active_Military_War,Prolonged_Economic_War,Selective_Passage,No_Talks,0,0,0,0,-1,1,0,0,0,0,0.17000000000000004,Active_Military_War | Prolonged_Economic_War | Selective_Passage | No_Talks,0.296481145900316,0.9840543000560916,0.320467278144892,0.9199999999999999,111.68754958166889,Selective_Passage,0,0,0,0,0.3895586698837339,41.68754958166889,1,0.22301019986321635,47.56346607185017,1.2500000000000004,46.31346607185017,6.167888653575048,0.25,0.2,0,1,0,0.04,6,32,0,0,1,0,1,0,0.5405405405405406,0.539568345323741,0.11114041288618176,1,132,0,0,10,21,-1,-1,142,11,-1,-1,2.5,1,1,0,0,0,0
84,0.08,0.05,0.45,0.4,40,0.33,8,6,150,1,0.06,0.4,1,0,0.6,0.6,0.6,0.72,18,Ground_War,War_Driven_Oil_Shock,Partial_Closure,No_Talks,0,0,0,0,-1,1,0,0,0,0,0.05,Ground_War | War_Driven_Oil_Shock | Partial_Closure | No_Talks,0.2751457939176479,0.6761612724426297,0.8404099652352194,0.97,120.86173945912657,Accidental_War,0,1,0,1,0.5114119702050315,50.861739459126575,1,0.3663670237706253,55.90690902080301,0,55.90690902080301,6.726892748901918,0.25,0.2,0,0,0,0,0,-1,0,0,1,0,3,0,0.25,0,0,0,-1,0,0,-1,-1,-1,-1,-1,-1,-1,-1,2.5,1,1,0,0,0,1
85,0.08,0.05,0.45,0.4,40,0.33,8,6,150,1,0.06,0.4,1,0,0.6,0.6,0.6,0.72,150,Active_Military_War,Prolonged_Economic_War,Selective_Passage,No_Talks,0,0,0,0,-1,1,0,0,0,0,0.07500000000000001,Active_Military_War | Prolonged_Economic_War | Selective_Passage | No_Talks,0.2952260755732547,0.9787169613516179,0.36305248694533415,0.9199999999999999,113.11370474094919,Selective_Passage,0,0,0,0,0.38605253281091906,43.11370474094919,1,0.2188853327187283,50.44820305781359,1,49.44820305781359,8.445997755819207,0.25,0.2,0,0,0,0,0,-1,0,0,1,0,1,0,0.5,0.49074074074074076,0.06368146916186963,1,-20,0,0,41,26,-1,-1,21,-15,-1,-1,2.5,1,1,0,0,0,0
86,0.08,0.05,0.45,0.4,40,0.33,8,6,150,1,0.06,0.4,1,0,0.6,0.6,0.6,0.72,150,Active_Military_War,Prolonged_Economic_War,Selective_Passage,No_Talks,0,0,0,0,-1,1,0,0,0,0,0.14000000000000004,Active_Military_War | Prolonged_Economic_War | Selective_Passage | No_Talks,0.33221309884106137,1,0,0.97,110.85287285891316,Selective_Passage,0,0,0,0,0.39704890641462676,40.85287285891316,0.8401021132156018,0.23182224284073732,52.38431605254888,1.2000000000000002,51.18431605254888,13.77525759151429,0.25,0.2,0,0,0,0.006666666666666667,1,-1,0,0,1,0,1,0,0.4594594594594595,0.4652777777777778,0.12381772146048654,1,132,0,0,5,28,-1,-1,137,23,-1,-1,2.5,1,1,0,0,0,0
87,0.08,0.05,0.45,0.4,40,0.33,8,6,150,1,0.06,0.4,1,0,0.6,0.6,0.6,0.72,150,Military_Pause,Prolonged_Economic_War,Selective_Passage,No_Talks,0,0,0,0,-1,1,0,0,0,0,0.07,Military_Pause | Prolonged_Economic_War | Selective_Passage | No_Talks,0.3143085334135798,1,0.09258795151971858,0.97,111.18945354856969,Selective_Passage,0,0,0,0,0.37910233744375765,41.18945354856969,0.9997473688925456,0.2107086322867737,43.91590897089722,10.19,33.72590897089722,-9.329430722090578,0.25,0.2,0,0,0,0,0,-1,0,0,0,1,1,1,0.44594594594594594,0.4608695652173913,0.16180474442390408,1,12,0,0,34,24,-1,-1,46,-10,-1,-1,2.5,1,1,0,0,0,0
88,0.08,0.05,0.45,0.4,40,0.33,8,6,150,1,0.06,0.4,1,0,0.6,0.6,0.6,0.72,33,Ground_War,War_Driven_Oil_Shock,Partial_Closure,No_Talks,0,0,0,0,-1,1,0,0,0,0,0.07,Ground_War | War_Driven_Oil_Shock | Partial_Closure | No_Talks,0.28282031715876255,0.9819752564588056,0.8639288133989771,0.9099999999999999,114.75222091239763,Accidental_War,0,1,0,1,0.43000420781870097,44.75222091239764,1,0.27059318566905993,53.74969514057914,1.1,52.64969514057914,10.529965637575337,0.25,0.2,0,0,0,0,0,-1,0,0,0,1,2,2,0.3870967741935484,0,0.1486649886774582,0,-1,0,0,-1,31,-1,-1,-1,-1,-1,-1,2.5,1,1,0,0,0,0
89,0.08,0.05,0.45,0.4,40,0.33,8,6,150,1,0.06,0.4,1,0,0.6,0.6,0.6,0.72,33,Ground_War,War_Driven_Oil_Shock,Partial_Closure,No_Talks,0,0,0,0,-1,1,0,0,0,0,0.08000000000000002,Ground_War | War_Driven_Oil_Shock | Partial_Closure | No_Talks,0.28913015646247964,0.9340683664992812,0.9832722853586596,0.97,115.31860693430514,Ground_War,1,0,0,1,0.4115773860919052,45.31860693430513,1,0.24891457187282964,56.57212322958017,0.6000000000000001,55.97212322958017,14.204688393700053,0.25,0.2,0,0,0,0,0,-1,0,0,0,1,2,2,0.36666666666666664,0,0.10400243409002419,0,-1,0,0,-1,25,-1,-1,-1,-1,-1,-1,2.5,1,1,0,0,0,0
90,0.08,0.05,0.45,0.4,40,0.33,8,6,150,1,0.06,0.4,1,0,0.6,0.6,0.6,0.72,150,Limited_Exchange,Prolonged_Economic_War,Selective_Passage,No_Talks,0,0,0,0,-1,1,0,0,0,0,0.18000000000000008,Limited_Exchange | Prolonged_Economic_War | Selective_Passage | No_Talks,0.3146662634827112,1,0,0.97,112.75376993951731,Selective_Passage,0,0,0,0,0.3930307610388901,42.75376993951731,0.9969831960990702,0.22709501298692955,46.6666085653546,10.1,36.5666085653546,-7.733951717703391,0.25,0.2,0,1,0,0.03333333333333333,5,53,0,0,0,1,1,1,0.5034013605442177,0.49664429530201343,0.2518807790085301,1,21,0,0,0,30,-1,-1,21,30,-1,-1,2.5,1,1,0,0,0,0
91,0.08,0.05,0.45,0.4,40,0.33,8,6,150,1,0.06,0.4,1,0,0.6,0.6,0.6,0.72,150,Military_Pause,Prolonged_Economic_War,Selective_Passage,No_Talks,0,0,0,0,-1,1,0,0,0,0,0.10000000000000002,Military_Pause | Prolonged_Economic_War | Selective_Passage | No_Talks,0.316643318018949,1,0.040782844136369206,0.97,111.56888471496771,Selective_Passage,0,0,0,0,0.39102174205598556,41.5688847149677,0.9888210554113965,0.22473146124233595,43.68236173030546,10.09,33.592361730305456,-9.970653730827806,0.25,0.2,0,0,0,0,0,-1,0,0,0,1,1,1,0.47297297297297297,0.475,0.11922052366121602,1,-1,0,0,109,23,-1,-1,108,-86,-1,-1,2.5,1,1,0,0,0,0
92,0.08,0.05,0.45,0.4,40,0.33,8,6,150,1,0.06,0.4,1,0,0.6,0.6,0.6,0.72,150,Military_Pause,Prolonged_Economic_War,Selective_Passage,No_Talks,0,0,0,0,-1,1,0,0,0,0,0.08,Military_Pause | Prolonged_Economic_War | Selective_Passage | No_Talks,0.3308040633180276,1,0,0.98,109.35638411348481,Selective_Passage,0,0,0,0,0.3721799897734588,39.3563841134848,0.8925509822743833,0.20256469385112796,41.88086307509976,10.39,31.49086307509976,-9.831901297981304,0.25,0.2,0,0,0,0.006666666666666667,1,-1,0,0,0,1,1,1,0.46938775510204084,0.47107438016528924,0.19791142891574237,1,72,0,0,28,28,-1,-1,100,0,-1,-1,2.5,1,1,0,0,0,0
93,0.08,0.05,0.45,0.4,40,0.33,8,6,150,1,0.06,0.4,1,0,0.6,0.6,0.6,0.72,9,Ground_War,War_Driven_Oil_Shock,Partial_Closure,No_Talks,0,0,0,0,-1,1,0,0,0,0,0,Ground_War | War_Driven_Oil_Shock | Partial_Closure | No_Talks,0.26316027119867025,0.3674673685163953,0.8499613689559974,0.97,120.33846446396362,Ground_War,1,0,0,1,0.6022368255182933,50.33846446396362,0.9232804815488552,0.4732197947274038,59.596717886020095,0,59.596717886020095,12.344337896075302,0.25,0.2,0,0,0,0,0,-1,0,0,1,0,4,0,0.14285714285714285,0,0,0,-1,0,0,-1,-1,-1,-1,-1,-1,-1,-1,2.5,1,1,0,0,0,1
94,0.08,0.05,0.45,0.4,40,0.33,8,6,150,1,0.06,0.4,1,0,0.6,0.6,0.6,0.72,150,Military_Pause,Prolonged_Economic_War,Selective_Passage,No_Talks,0,0,0,0,-1,1,0,0,0,0,0.12000000000000002,Military_Pause | Prolonged_Economic_War | Selective_Passage | No_Talks,0.3079080674616111,1,0.7480315640381676,0.97,112.2615131419175,Selective_Passage,0,0,0,0,0.37292093444769375,42.2615131419175,0.932365295891049,0.203436393467875,43.34919083566135,10.09,33.25919083566134,-11.252902882820194,0.25,0.2,0,0,0,0.006666666666666667,1,-1,0,0,0,1,2,1,0.4421768707482993,0.436241610738255,0.23549140149030176,1,40,0,0,0,31,-1,-1,40,31,-1,-1,2.5,1,1,0,0,0,0
95,0.08,0.05,0.45,0.4,40,0.33,8,6,150,1,0.06,0.4,1,0,0.6,0.6,0.6,0.72,150,Military_Pause,Prolonged_Economic_War,Selective_Passage,No_Talks,0,0,0,0,-1,1,0,0,0,0,0.065,Military_Pause | Prolonged_Economic_War | Selective_Passage | No_Talks,0.31957797643452984,1,0.16125797631472494,0.98,113.57220711873178,Selective_Passage,0,0,0,0,0.3984716392921539,43.57220711873178,0.9596005823365669,0.2334960462260634,43.190803212323175,10.09,33.10080321232317,-13.089254883010767,0.25,0.2,0,0,0,0.006666666666666667,1,-1,0,0,0,1,1,1,0.4421768707482993,0.4367816091954023,0.23776974538825033,1,-32,0,0,62,30,-1,-1,30,-32,-1,-1,2.5,1,1,0,0,0,0
96,0.08,0.05,0.45,0.4,40,0.33,8,6,150,1,0.06,0.4,1,0,0.6,0.6,0.6,0.72,16,Ground_War,War_Driven_Oil_Shock,Partial_Closure,No_Talks,0,0,0,0,-1,1,0,0,0,0,0.05,Ground_War | War_Driven_Oil_Shock | Partial_Closure | No_Talks,0.34539763746435687,1,0.1811003108955198,0.97,108.2146030901418,Ground_War,1,0,0,1,0.4853632093473644,38.2146030901418,0.6878902755830641,0.33572142276160516,47.14313864372701,0.4,46.743138643727015,11.371380738113622,0.25,0.2,0,0,0,0,0,-1,0,0,0,1,2,2,0.3076923076923077,0,0,0,-1,0,0,-1,-1,-1,-1,-1,-1,-1,-1,2.5,1,1,0,0,0,0
97,0.08,0.05,0.45,0.4,40,0.33,8,6,150,1,0.06,0.4,1,0,0.6,0.6,0.6,0.72,150,Military_Pause,Prolonged_Economic_War,Selective_Passage,No_Talks,1,0,0,1,143,0.9733333333333334,0.02666666666666667,0,0,0.02666666666666667,0.3,Military_Pause | Prolonged_Economic_War | Selective_Passage | No_Talks,0.31672758077205226,1,0.049880507093188586,0.97,108.89975144390942,Selective_Passage,0,0,0,0,0.38894373456694137,38.89975144390943,0.9863475530210198,0.22228674654934277,43.64815126503445,11.59,32.058151265034454,-8.552000223593723,0.25,0.2,0,0,0,0,0,-1,0,0,0,1,1,1,0.4594594594594595,0.46511627906976744,0.2097569574993695,1,0,0,0,106,24,-1,-1,106,-82,-1,-1,2.5,1,1,0,0,0,0
98,0.08,0.05,0.45,0.4,40,0.33,8,6,150,1,0.06,0.4,1,0,0.6,0.6,0.6,0.72,150,Military_Pause,Prolonged_Economic_War,Selective_Passage,No_Talks,0,0,0,0,-1,1,0,0,0,0,0.10500000000000001,Military_Pause | Prolonged_Economic_War | Selective_Passage | No_Talks,0.3011782095192248,1,0.9618147502137323,0.98,114.74566689198245,Selective_Passage,0,0,0,0,0.3813326639549318,44.74566689198245,0.9712343736897721,0.21333254582933156,44.10818943394573,10.09,34.018189433945736,-13.4093468225459,0.25,0.2,0,0,0,0.006666666666666667,1,-1,0,0,0,1,2,1,0.47297297297297297,0.4489795918367347,0.08166113522251603,1,0,0,0,100,25,-1,-1,100,-75,-1,-1,2.5,1,1,0,0,0,0
99,0.08,0.05,0.45,0.4,40,0.33,8,6,150,1,0.06,0.4,1,0,0.6,0.6,0.6,0.72,150,Limited_Exchange,Prolonged_Economic_War,Selective_Passage,No_Talks,1,0,0,1,87,0.92,0.08,0,0,0.08,0.33,Limited_Exchange | Prolonged_Economic_War | Selective_Passage | No_Talks,0.3255988311118533,1,0.05970263561538394,0.98,110.82997368077704,Selective_Passage,0,0,0,0,0.39720271127990314,40.829973680777044,0.9058024658693776,0.23200318974106252,45.076799670082444,10.4,34.676799670082445,-7.691467513368252,0.25,0.2,0,0,0,0.013333333333333334,2,-1,0,0,0,1,1,2,0.46938775510204084,0.47058823529411764,0.11686135260244614,0,-1,0,0,13,32,-1,-1,-1,19,-1,-1,2.5,1,1,0,0,0,0
100,0.08,0.05,0.45,0.4,40,0.33,8,6,150,1,0.06,0.4,1,0,0.6,0.6,0.6,0.72,150,Limited_Exchange,Prolonged_Economic_War,Selective_Passage,No_Talks,0,0,0,0,-1,1,0,0,0,0,0.14000000000000004,Limited_Exchange | Prolonged_Economic_War | Selective_Passage | No_Talks,0.31672937282533825,1,0.47564192226832946,0.97,110.7005903138467,Selective_Passage,0,0,0,0,0.38205640098546523,40.7005903138467,0.8883659596495608,0.21418400115937083,45.23310424099035,10.8,34.433104240990346,-7.83435759107045,0.25,0.2,0,1,0,0.03333333333333333,5,68,0,0,0,1,1,2,0.5067567567567568,0.524390243902439,0.16705325011156338,1,-17,0,0,67,29,-1,-1,50,-38,-1,-1,2.5,1,1,0,0,0,0
